{"iter": 0, "train/loss": 4.287383079528809, "val/loss": 4.282289028167725, "lr": 0.0, "mfu": -100.0, "_timestamp": 1701870153.124098, "_runtime": 20.904664993286133, "_step": 0, "_wandb": {"runtime": 42}}