{"iter": 7650, "train/loss": 4.631762504577637, "val/loss": 4.539945602416992, "lr": 0.00021718836945507357, "mfu": 2.502972033453036, "_timestamp": 1703149278.2005644, "_runtime": 626.6243014335632, "_step": 265, "_wandb": {"runtime": 627}}