{"iter": 0, "train/loss": 10.883310317993164, "val/loss": 10.883645057678223, "lr": 0.0, "mfu": -100.0, "_timestamp": 1701869726.9704816, "_runtime": 25.94420051574707, "_step": 0, "_wandb": {"runtime": 225}}