{"iter": 4060, "train/loss": 3.6279304027557373, "val/loss": 4.983405590057373, "lr": 0.00017626145503168132, "mfu": 2.396182571988381, "_timestamp": 1703148231.7314758, "_runtime": 350.08255076408386, "_step": 164, "_wandb": {"runtime": 350}}