{"iter": 2420, "train/loss": 3.5476856231689453, "val/loss": 5.513503551483154, "lr": 0.0005727556824280534, "mfu": 2.6219952596350553, "_timestamp": 1703147832.8756886, "_runtime": 350.2298254966736, "_step": 166, "_wandb": {"runtime": 350}}