{"iter": 2500, "train/loss": 0.9534438848495483, "val/loss": 1.4917291402816772, "lr": 0.000564423209907245, "mfu": 7.077289874831415, "_timestamp": 1701865539.2223864, "_runtime": 215.85160446166992, "_step": 10, "_wandb": {"runtime": 216}}