{"iter": 0, "train/loss": 10.845351219177246, "val/loss": 10.883536338806152, "lr": 0.0, "mfu": -100.0, "_timestamp": 1703146199.5733228, "_runtime": 12.571714878082275, "_step": 0, "_wandb": {"runtime": 1077}}