{"iter": 0, "train/loss": 10.845351219177246, "val/loss": 10.883536338806152, "lr": 0.0, "mfu": -100.0, "_timestamp": 1703145962.1130958, "_runtime": 16.159597873687744, "_step": 0, "_wandb": {"runtime": 206}}