{"iter": 780, "train/loss": 2.552513599395752, "val/loss": 6.882033824920654, "lr": 0.0009471433451223701, "mfu": 6.772276148275172, "_timestamp": 1703147428.6254184, "_runtime": 149.04268741607666, "_step": 78, "_wandb": {"runtime": 149}}