{"iter": 5000, "train/loss": 5.267702579498291, "val/loss": 4.7977070808410645, "lr": 0.0001, "mfu": -100.0, "_timestamp": 1703148630.302292, "_runtime": 10.06893014907837, "_step": 0, "_wandb": {"runtime": 18}}