{"iter": 5000, "train/loss": 3.351083993911743, "val/loss": 3.5616703033447266, "lr": 0.0001, "mfu": 0.19128250280331188, "_timestamp": 1701899243.9898562, "_runtime": 29005.84972524643, "_step": 20, "_wandb": {"runtime": 29010}}