{"iter": 5000, "train/loss": 4.068588733673096, "val/loss": 4.846552848815918, "lr": 0.0001, "mfu": 2.679966009472411, "_timestamp": 1703148483.3728552, "_runtime": 227.97075009346008, "_step": 94, "_wandb": {"runtime": 228}}